SET_CODE,SET_NAME
2S,บริษัท 2 เอส เมทัล จำกัด (มหาชน)
3K-BAT,บริษัท ไทย เอ็นเนอร์จี สโตเรจ เทคโนโลยี จำกัด (มหาชน)
7UP,บริษัท เซเว่น ยูทิลิตี้ส์ แอนด์ พาวเวอร์ จำกัด (มหาชน)
A,บริษัท อารียา พรอพเพอร์ตี้ จำกัด (มหาชน)
AAI,บริษัท เอเชี่ยน อะไลอันซ์ อินเตอร์เนชั่นแนล จำกัด (มหาชน)
AAV,บริษัท เอเชีย เอวิเอชั่น จำกัด (มหาชน)
ACC,บริษัท แอดวานซ์ คอนเนคชั่น คอร์ปอเรชั่น จำกัด (มหาชน)
ACE,บริษัท แอ๊บโซลูท คลีน เอ็นเนอร์จี้ จำกัด (มหาชน)
ACG,บริษัท ออโตคอร์ป โฮลดิ้ง จำกัด (มหาชน)
ADVANC,บริษัท แอดวานซ์ อินโฟร์ เซอร์วิส จำกัด (มหาชน)
AEONTS,บริษัท อิออน ธนสินทรัพย์ (ไทยแลนด์) จำกัด (มหาชน)
AFC,บริษัท เอเซียไฟเบอร์ จำกัด (มหาชน)
AGE,บริษัท เอเชีย กรีน เอนเนอจี จำกัด (มหาชน)
AH,บริษัท อาปิโก ไฮเทค จำกัด (มหาชน)
AHC,บริษัท โรงพยาบาลเอกชล จำกัด (มหาชน)
AI,บริษัท เอเชียน อินซูเลเตอร์ จำกัด (มหาชน)
AIE,บริษัท เอไอ เอนเนอร์จี จำกัด (มหาชน)
AIMCG,ทรัสต์เพื่อการลงทุนในอสังหาริมทรัพย์และสิทธิการเช่าอสังหาริมทรัพย์ เอไอเอ็ม คอมเมอร์เชียล โกรท
AIMIRT,ทรัสต์เพื่อการลงทุนในอสังหาริมทรัพย์และสิทธิการเช่าอสังหาริมทรัพย์ เอไอเอ็ม อินดัสเทรียล โกรท
AIT,บริษัท แอ็ดวานซ์ อินฟอร์เมชั่น เทคโนโลยี จำกัด (มหาชน)
AJ,บริษัท เอ.เจ.พลาสท์ จำกัด (มหาชน)
AJA,บริษัท เอเจ แอดวานซ์ เทคโนโลยี จำกัด (มหาชน)
AKR,บริษัท เอกรัฐวิศวกรรม จำกัด (มหาชน)
ALLA,บริษัท ออลล่า จำกัด (มหาชน)
ALLY,ทรัสต์เพื่อการลงทุนในสิทธิการเช่าอสังหาริมทรัพย์ อัลไล
ALT,บริษัท เอแอลที เทเลคอม จำกัด (มหาชน)
ALUCON,บริษัท อลูคอน จำกัด (มหาชน)
AMANAH,บริษัท อะมานะฮ์ ลิสซิ่ง จำกัด (มหาชน)
AMARIN,บริษัท อมรินทร์พริ้นติ้ง แอนด์ พับลิชชิ่ง จำกัด (มหาชน)
AMATA,บริษัท อมตะ คอร์ปอเรชัน จำกัด (มหาชน)
AMATAR,ทรัสต์เพื่อการลงทุนในอสังหาริมทรัพย์และสิทธิการเช่าอมตะซัมมิทโกรท
AMATAV,บริษัท อมตะ วีเอ็น จำกัด (มหาชน)
AMC,บริษัท เอเซีย เมทัล จำกัด (มหาชน)
AMR,บริษัท เอเอ็มอาร์ เอเซีย จำกัด (มหาชน)
ANAN,บริษัท อนันดา ดีเวลลอปเม้นท์ จำกัด (มหาชน)
AOT,บริษัท ท่าอากาศยานไทย จำกัด (มหาชน)
AP,บริษัท เอพี (ไทยแลนด์) จำกัด (มหาชน)
APCO,บริษัท เอเชียน ไฟย์โตซูติคอลส์ จำกัด (มหาชน)
APCS,บริษัท เอเซีย พรีซิชั่น จำกัด (มหาชน)
APEX,บริษัท เอเพ็กซ์ ดีเวลลอปเม้นท์ จำกัด (มหาชน)
APURE,บริษัท อกริเพียว โฮลดิ้งส์ จำกัด (มหาชน)
AQ,บริษัท เอคิว เอสเตท จำกัด (มหาชน)
AQUA,บริษัท อควา คอร์เปอเรชั่น จำกัด (มหาชน)
AS,บริษัท เอเชียซอฟท์ คอร์ปอเรชั่น จำกัด (มหาชน)
ASAP,บริษัท ซินเนอร์เจติค ออโต้ เพอร์ฟอร์มานซ์ จำกัด (มหาชน)
ASEFA,บริษัท อาซีฟา จำกัด (มหาชน)
ASIA,บริษัท เอเชียโฮเต็ล จำกัด (มหาชน)
ASIAN,บริษัท เอเชี่ยนซี คอร์ปอเรชั่น จำกัด (มหาชน)
ASIMAR,บริษัท เอเชียน มารีน เซอร์วิสส์ จำกัด (มหาชน)
ASK,บริษัท เอเซียเสริมกิจลีสซิ่ง จำกัด (มหาชน)
ASP,บริษัท เอเซีย พลัส กรุ๊ป โฮลดิ้งส์ จำกัด (มหาชน)
ASW,บริษัท แอสเซทไวส์ จำกัด (มหาชน)
AURA,บริษัท ออโรร่า ดีไซน์ จำกัด (มหาชน)
AWC,บริษัท แอสเสท เวิรด์ คอร์ป จำกัด (มหาชน)
AYUD,บริษัท อลิอันซ์ อยุธยา แคปปิตอล จำกัด (มหาชน)
B,บริษัท บี จิสติกส์ จำกัด (มหาชน)
B52,บริษัท บี-52 แคปปิตอล จำกัด (มหาชน)
BA,บริษัท การบินกรุงเทพ จำกัด (มหาชน)
BAFS,บริษัท บริการเชื้อเพลิงการบินกรุงเทพ จำกัด (มหาชน)
BAM,บริษัทบริหารสินทรัพย์ กรุงเทพพาณิชย์ จำกัด (มหาชน)
BANPU,บริษัท บ้านปู จำกัด (มหาชน)
BAREIT,ทรัสต์เพื่อการลงทุนในสิทธิการเช่าอสังหาริมทรัพย์สนามบินการบินกรุงเทพ
BAY,ธนาคารกรุงศรีอยุธยา จำกัด (มหาชน)
BBGI,บริษัท บีบีจีไอ จำกัด (มหาชน)
BBL,ธนาคารกรุงเทพ จำกัด (มหาชน)
BCH,บริษัท บางกอก เชน ฮอสปิทอล จำกัด (มหาชน)
BCP,บริษัท บางจาก คอร์ปอเรชั่น จำกัด (มหาชน)
BCPG,บริษัท บีซีพีจี จำกัด (มหาชน)
BCT,บริษัท เบอร์ล่า คาร์บอน (ไทยแลนด์) จำกัด (มหาชน)
BDMS,บริษัท กรุงเทพดุสิตเวชการ จำกัด(มหาชน)
BEAUTY,บริษัท บิวตี้ คอมมูนิตี้ จำกัด (มหาชน)
BEC,บริษัท บีอีซี เวิลด์ จำกัด (มหาชน)
BEM,บริษัท ทางด่วนและรถไฟฟ้ากรุงเทพ จำกัด (มหาชน)
BEYOND,บริษัท เบาด์ แอนด์ บียอนด์ จำกัด (มหาชน)
BGC,บริษัท บีจี คอนเทนเนอร์ กล๊าส จำกัด (มหาชน)
BGRIM,บริษัท บี.กริม เพาเวอร์ จำกัด (มหาชน)
BH,บริษัท โรงพยาบาลบำรุงราษฎร์ จำกัด (มหาชน)
BIG,บริษัท บิ๊ก คาเมร่า คอร์ปอเรชั่น จำกัด (มหาชน)
BIOTEC,บริษัท ไบโอ กรีน เอ็นเนอร์ยี่ เทค จำกัด (มหาชน)
BIZ,บริษัท บิสซิเนสอะไลเม้นท์ จำกัด (มหาชน)
BJC,บริษัท เบอร์ลี่ ยุคเกอร์ จำกัด (มหาชน)
BJCHI,บริษัท บีเจซี เฮฟวี่ อินดัสทรี จำกัด (มหาชน)
BKD,บริษัท บางกอก เดค-คอน จำกัด (มหาชน)
BKI,บริษัท กรุงเทพประกันภัย จำกัด (มหาชน)
BKKCP,กองทุนรวมอสังหาริมทรัพย์บางกอก
BLA,บริษัท กรุงเทพประกันชีวิต จำกัด (มหาชน)
BLAND,บริษัท บางกอกแลนด์ จำกัด (มหาชน)
BLISS,บริษัท บลิส อินเทลลิเจนซ์ จำกัด (มหาชน)
BOFFICE,ทรัสต์เพื่อการลงทุนในสิทธิการเช่าอสังหาริมทรัพย์ภิรัชออฟฟิศ
BPP,บริษัท บ้านปู เพาเวอร์ จำกัด (มหาชน)
BR,บริษัท บางกอกแร้นช์ จำกัด (มหาชน)
BRI,บริษัท บริทาเนีย จำกัด (มหาชน)
BROCK,บริษัท บ้านร็อคการ์เด้น จำกัด (มหาชน)
BRR,บริษัท น้ำตาลบุรีรัมย์ จำกัด (มหาชน)
BRRGIF,กองทุนรวมโครงสร้างพื้นฐานโรงไฟฟ้ากลุ่มน้ำตาลบุรีรัมย์
BSBM,บริษัท บางสะพานบาร์มิล จำกัด (มหาชน)
BTG,บริษัท เบทาโกร จำกัด (มหาชน)
BTNC,บริษัท บูติคนิวซิตี้ จำกัด (มหาชน)
BTS,บริษัท บีทีเอส กรุ๊ป โฮลดิ้งส์ จำกัด (มหาชน)
BTSGIF,กองทุนรวมโครงสร้างพื้นฐานระบบขนส่งมวลชนทางราง บีทีเอสโกรท
BUI,บริษัท บางกอกสหประกันภัย จำกัด (มหาชน)
BWG,บริษัท เบตเตอร์ เวิลด์ กรีน จำกัด (มหาชน)
B-WORK,ทรัสต์เพื่อการลงทุนในสิทธิการเช่าอสังหาริมทรัพย์บัวหลวง ออฟฟิศ
BYD,บริษัทหลักทรัพย์ บียอนด์ จำกัด (มหาชน)
CBG,บริษัท คาราบาวกรุ๊ป จำกัด (มหาชน)
CCET,บริษัท แคล-คอมพ์ อีเล็คโทรนิคส์ (ประเทศไทย) จำกัด (มหาชน)
CCP,บริษัท ผลิตภัณฑ์คอนกรีตชลบุรี จำกัด (มหาชน)
CEN,บริษัท แคปปิทอล เอ็นจิเนียริ่ง เน็ตเวิร์ค จำกัด (มหาชน)
CENTEL,บริษัท โรงแรมเซ็นทรัลพลาซา จำกัด (มหาชน)
CFRESH,บริษัท ซีเฟรชอินดัสตรี จำกัด (มหาชน)
CGD,บริษัท คันทรี่ กรุ๊ป ดีเวลลอปเมนท์ จำกัด (มหาชน)
CGH,บริษัท คันทรี่ กรุ๊ป โฮลดิ้งส์ จำกัด (มหาชน)
CH,บริษัท เจริญอุตสาหกรรม จำกัด (มหาชน)
CHARAN,บริษัท จรัญประกันภัย จำกัด (มหาชน)
CHAYO,บริษัท ชโย กรุ๊ป จำกัด (มหาชน)
CHG,บริษัท โรงพยาบาลจุฬารัตน์ จำกัด (มหาชน)
CHOTI,บริษัท ห้องเย็นโชติวัฒน์หาดใหญ่ จำกัด (มหาชน)
CI,บริษัท ชาญอิสสระ ดีเวล็อปเมนท์ จำกัด (มหาชน)
CIMBT,ธนาคาร ซีไอเอ็มบี ไทย จำกัด (มหาชน)
CITY,บริษัท ซิตี้ สตีล จำกัด (มหาชน)
CIVIL,บริษัท ซีวิลเอนจีเนียริง จำกัด (มหาชน)
CK,บริษัท ช.การช่าง จำกัด (มหาชน)
CKP,บริษัท ซีเค พาวเวอร์ จำกัด (มหาชน)
CM,บริษัท เชียงใหม่โฟรเซ่นฟู้ดส์ จำกัด(มหาชน)
CMAN,บริษัท เคมีแมน จำกัด (มหาชน)
CMC,บริษัท เจ้าพระยามหานคร จำกัด (มหาชน)
CMR,บริษัท เชียงใหม่รามธุรกิจการแพทย์ จำกัด (มหาชน)
CNT,บริษัท คริสเตียนีและนีลเส็น (ไทย) จำกัด (มหาชน)
COM7,บริษัท คอมเซเว่น จำกัด (มหาชน)
COTTO,บริษัท เอสซีจี เซรามิกส์ จำกัด (มหาชน)
CPALL,บริษัท ซีพี ออลล์ จำกัด (มหาชน)
CPF,บริษัท เจริญโภคภัณฑ์อาหาร จำกัด (มหาชน)
CPH,บริษัท คาสเซ่อร์พีคโฮลดิ้งส์ จำกัด (มหาชน)
CPI,บริษัท ชุมพรอุตสาหกรรมน้ำมันปาล์ม จำกัด (มหาชน)
CPL,บริษัท ซีพีแอล กรุ๊ป จำกัด (มหาชน)
CPN,บริษัท เซ็นทรัลพัฒนา จำกัด (มหาชน)
CPNCG,กองทุนรวมสิทธิการเช่าอสังหาริมทรัพย์ CPN คอมเมอร์เชียล โกรท
CPNREIT,ทรัสต์เพื่อการลงทุนในสิทธิการเช่าอสังหาริมทรัพย์ CPN รีเทล โกรท
CPT,บริษัท ซีพีที ไดร์ แอนด์ เพาเวอร์ จำกัด (มหาชน)
CPTGF,กองทุนรวมสิทธิการเช่าอสังหาริมทรัพย์ ซี.พี.ทาวเวอร์ โกรท
CPW,บริษัท คอปเปอร์ ไวร์ด จำกัด (มหาชน)
CRANE,บริษัท ชูไก จำกัด (มหาชน)
CRC,บริษัท เซ็นทรัล รีเทล คอร์ปอเรชั่น จำกัด (มหาชน)
CSC,บริษัท ฝาจีบ จำกัด (มหาชน)
CSP,บริษัท ซีเอสพี สตีลเซ็นเตอร์ จำกัด (มหาชน)
CSR,บริษัท เทพธานีกรีฑา จำกัด (มหาชน)
CSS,บริษัท คอมมิวนิเคชั่น แอนด์ ซิสเต็มส์ โซลูชั่น จำกัด (มหาชน)
CTARAF,กองทุนรวมสิทธิการเช่าอสังหาริมทรัพย์โรงแรมและรีสอร์ทในเครือฯ
CTW,บริษัท จรุงไทยไวร์แอนด์เคเบิ้ล จำกัด (มหาชน)
CV,บริษัท โคลเวอร์ เพาเวอร์ จำกัด (มหาชน)
CWT,บริษัท ชัยวัฒนา แทนเนอรี่ กรุ๊ป จำกัด (มหาชน)
DCC,บริษัท ไดนาสตี้เซรามิค จำกัด (มหาชน)
DCON,บริษัท ดีคอนโปรดักส์ จำกัด (มหาชน)
DDD,บริษัท ดู เดย์ ดรีม จำกัด (มหาชน)
DELTA,บริษัทเดลต้า อีเลคโทรนิคส์ (ประเทศไทย) จำกัด (มหาชน)
DEMCO,บริษัท เด็มโก้ จำกัด (มหาชน)
DIF,กองทุนรวมโครงสร้างพื้นฐานโทรคมนาคม ดิจิทัล
DMT,บริษัท ทางยกระดับดอนเมือง จำกัด (มหาชน)
DOHOME,บริษัท ดูโฮม จำกัด (มหาชน)
DREIT,ทรัสต์เพื่อการลงทุนในอสังหาริมทรัพย์และสิทธิการเช่าดุสิตธานี
DRT,บริษัท ผลิตภัณฑ์ตราเพชร จำกัด (มหาชน)
DTAC,บริษัท โทเทิ่ล แอ็คเซ็ส คอมมูนิเคชั่น จำกัด (มหาชน)
DTCENT,บริษัท ดี.ที.ซี. เอ็นเตอร์ไพรส์ จำกัด (มหาชน)
DTCI,บริษัท ดี.ที.ซี.อินดัสตรี่ส์ จำกัด (มหาชน)
DUSIT,บริษัท ดุสิตธานี จำกัด (มหาชน)
EA,บริษัท พลังงานบริสุทธิ์ จำกัด (มหาชน)
EASON,บริษัท อีซึ่น แอนด์ โค จำกัด (มหาชน)
EASTW,บริษัท จัดการและพัฒนาทรัพยากรน้ำภาคตะวันออก จำกัด (มหาชน)
ECL,บริษัท ตะวันออกพาณิชย์ลีสซิ่ง จำกัด (มหาชน)
EE,บริษัท อีเทอเนิล เอนเนอยี จำกัด (มหาชน)
EGATIF,กองทุนรวมโครงสร้างพื้นฐาน โรงไฟฟ้าพระนครเหนือ ชุดที่ 1 การไฟฟ้าฝ่ายผลิตแห่งประเทศไทย
EGCO,บริษัท ผลิตไฟฟ้า จำกัด (มหาชน)
EKH,บริษัท เอกชัยการแพทย์ จำกัด (มหาชน)
EMC,บริษัท อีเอ็มซี จำกัด (มหาชน)
EP,บริษัท อีสเทอร์น พาวเวอร์ กรุ๊ป จำกัด (มหาชน)
EPG,บริษัท อีสเทิร์นโพลีเมอร์ กรุ๊ป จำกัด (มหาชน)
ERW,บริษัท ดิ เอราวัณ กรุ๊ป จำกัด (มหาชน)
ERWPF,กองทุนรวมอสังหาริมทรัพย์เอราวัณ โฮเทล โกรท
ESSO,บริษัท เอสโซ่ (ประเทศไทย) จำกัด (มหาชน)
ESTAR,บริษัท อีสเทอร์น สตาร์ เรียล เอสเตท จำกัด (มหาชน)
ETC,บริษัท เอิร์ธ เท็ค เอนไวรอนเมนท์ จำกัด (มหาชน)
EVER,บริษัท เอเวอร์แลนด์ จำกัด (มหาชน)
F&D,บริษัท ฟู้ดแอนด์ดริ๊งส์ จำกัด (มหาชน)
FANCY,บริษัท แฟนซีวู๊ด อินดัสตรีส จำกัด (มหาชน)
FE,บริษัท ฟาร์อีสท์ เฟมไลน์ ดีดีบี จำกัด (มหาชน)
FMT,บริษัท ไฟน์ เม็ททัล เทคโนโลยีส์ จำกัด (มหาชน)
FN,บริษัท เอฟเอ็น แฟคตอรี่ เอ๊าท์เลท จำกัด (มหาชน)
FNS,บริษัท เอฟเอ็นเอส โฮลดิ้งส์ จำกัด (มหาชน)
FORTH,บริษัท ฟอร์ท คอร์ปอเรชั่น จำกัด (มหาชน)
FPT,บริษัท เฟรเซอร์ส พร็อพเพอร์ตี้ (ประเทศไทย) จำกัด (มหาชน)
FSS,บริษัทหลักทรัพย์ ฟินันเซีย ไซรัส จำกัด (มหาชน)
FTE,บริษัท ไฟร์เทรดเอ็นจิเนียริ่ง จำกัด (มหาชน)
FTI,บริษัท ฟังก์ชั่น อินเตอร์เนชั่นแนล จำกัด (มหาชน)
FTREIT,ทรัสต์เพื่อการลงทุนในอสังหาริมทรัพย์และสิทธิการเช่าอสังหาริมทรัพย์เพื่ออุตสาหกรรม เฟรเซอร์ส พร็อพเพอร์ตี้
FUTUREPF,กองทุนรวมสิทธิการเช่าอสังหาริมทรัพย์ฟิวเจอร์พาร์ค
GAHREIT,ทรัสต์เพื่อการลงทุนในอสังหาริมทรัพย์ แกรนด์ โฮสพีทาลิตี้
GBX,บริษัท โกลเบล็ก โฮลดิ้ง แมนเนจเม้นท์ จำกัด (มหาชน)
GC,บริษัท โกลบอล คอนเน็คชั่นส์ จำกัด (มหาชน)
GEL,บริษัท เจนเนอรัล เอนจิเนียริ่ง จำกัด (มหาชน)
GENCO,บริษัทบริหารและพัฒนาเพื่อการอนุรักษ์สิ่งแวดล้อม จำกัด(มหาชน)
GFPT,บริษัท จีเอฟพีที จำกัด (มหาชน)
GGC,บริษัท โกลบอลกรีนเคมิคอล จำกัด (มหาชน)
GIFT,บริษัท แกรททิทูด อินฟินิท จำกัด (มหาชน)
GJS,บริษัท จี เจ สตีล จำกัด (มหาชน)
GL,บริษัท กรุ๊ปลีส จำกัด (มหาชน)
GLAND,บริษัท แกรนด์ คาแนล แลนด์ จำกัด (มหาชน)
GLOBAL,บริษัท สยามโกลบอลเฮ้าส์ จำกัด (มหาชน)
GLOCON,บริษัท โกลบอล คอนซูเมอร์ จำกัด (มหาชน)
GPI,บริษัท กรังด์ปรีซ์ อินเตอร์เนชั่นแนล จำกัด (มหาชน)
GPSC,บริษัท โกลบอล เพาเวอร์ ซินเนอร์ยี่ จำกัด (มหาชน)
GRAMMY,บริษัท จีเอ็มเอ็ม แกรมมี่ จำกัด (มหาชน)
GRAND,บริษัท แกรนด์ แอสเสท โฮเทลส์ แอนด์ พรอพเพอร์ตี้ จำกัด(มหาชน)
GREEN,บริษัท กรีน รีซอร์สเซส จำกัด (มหาชน)
GROREIT,ทรัสต์เพื่อการลงทุนในอสังหาริมทรัพย์ แกรนด์ รอยัล ออคิด โฮสพีทาลิตี้ ที่มีข้อตกลงในการซื้อคืน
GSTEEL,บริษัท จี สตีล จำกัด (มหาชน)
GULF,บริษัท กัลฟ์ เอ็นเนอร์จี ดีเวลลอปเมนท์ จำกัด (มหาชน)
GUNKUL,บริษัท กันกุลเอ็นจิเนียริ่ง จำกัด (มหาชน)
GVREIT,ทรัสต์เพื่อการลงทุนในสิทธิการเช่าอสังหาริมทรัพย์โกลเด้นเวนเจอร์
GYT,บริษัท กู๊ดเยียร์(ประเทศไทย) จำกัด (มหาชน)
HANA,บริษัท ฮานา ไมโครอิเล็คโทรนิคส จำกัด (มหาชน)
HENG,บริษัท เฮงลิสซิ่ง แอนด์ แคปปิตอล จำกัด (มหาชน)
HFT,บริษัท ฮั้วฟง รับเบอร์ (ไทยแลนด์) จำกัด (มหาชน)
HMPRO,บริษัท โฮม โปรดักส์ เซ็นเตอร์ จำกัด (มหาชน)
HPF,กองทุนรวมอสังหาริมทรัพย์และสิทธิการเช่าเหมราชอินดัสเตรียล
HTC,บริษัท หาดทิพย์ จำกัด (มหาชน)
HTECH,บริษัท แฮลเซี่ยน เทคโนโลยี่ จำกัด (มหาชน)
HUMAN,บริษัท ฮิวแมนิก้า จำกัด (มหาชน)
HYDROGEN,ทรัสต์เพื่อการลงทุนในอสังหาริมทรัพย์และสิทธิการเช่าไฮโดรเจน
ICC,บริษัท ไอ.ซี.ซี. อินเตอร์เนชั่นแนล จำกัด (มหาชน)
ICHI,บริษัท อิชิตัน กรุ๊ป จำกัด (มหาชน)
IFEC,บริษัท อินเตอร์ ฟาร์อีสท์ เอ็นเนอร์ยี่ คอร์ปอเรชั่น จำกัด (มหาชน)
IFS,บริษัท ไอเอฟเอส แคปปิตอล (ประเทศไทย) จำกัด (มหาชน)
IHL,บริษัท อินเตอร์ไฮด์ จำกัด (มหาชน)
III,บริษัท ทริพเพิล ไอ โลจิสติกส์ จำกัด (มหาชน)
ILINK,บริษัท อินเตอร์ลิ้งค์ คอมมิวนิเคชั่น จำกัด (มหาชน)
ILM,บริษัท อินเด็กซ์ ลิฟวิ่งมอลล์ จำกัด (มหาชน)
IMPACT,ทรัสต์เพื่อการลงทุนในอสังหาริมทรัพย์อิมแพ็คโกรท
INET,บริษัท อินเทอร์เน็ตประเทศไทย จำกัด (มหาชน)
INETREIT,ทรัสต์เพื่อการลงทุนในสิทธิการเช่าอสังหาริมทรัพย์ไอเน็ต
INGRS,บริษัท อิงเกรส อินดัสเตรียล (ไทยแลนด์) จำกัด (มหาชน)
INOX,บริษัท โพสโค-ไทยน๊อคซ์ จำกัด (มหาชน)
INSET,บริษัท อินฟราเซท จำกัด (มหาชน)
INSURE,บริษัท อินทรประกันภัย จำกัด (มหาชน)
INTUCH,บริษัท อินทัช โฮลดิ้งส์ จำกัด (มหาชน)
IRC,บริษัท อีโนเว รับเบอร์ (ประเทศไทย) จำกัด (มหาชน)
IRPC,บริษัท ไออาร์พีซี จำกัด (มหาชน)
IT,บริษัท ไอที ซิตี้ จำกัด (มหาชน)
ITC,บริษัท ไอ-เทล คอร์ปอเรชั่น จำกัด (มหาชน)
ITD,บริษัท อิตาเลียนไทย ดีเวล๊อปเมนต์ จำกัด (มหาชน)
ITEL,บริษัท อินเตอร์ลิ้งค์ เทเลคอม จำกัด (มหาชน)
IVL,บริษัท อินโดรามา เวนเจอร์ส จำกัด (มหาชน)
J,บริษัท เจเอเอส แอสเซ็ท จำกัด (มหาชน)
JAS,บริษัทจัสมิน อินเตอร์เนชั่นแนล จำกัด (มหาชน)
JASIF,กองทุนรวมโครงสร้างพื้นฐานบรอดแบนด์อินเทอร์เน็ต จัสมิน
JCK,บริษัท เจซีเค อินเตอร์เนชั่นแนล จำกัด (มหาชน)
JCT,บริษัท แจ๊กเจียอุตสาหกรรม (ไทย) จำกัด (มหาชน)
JDF,บริษัท เจดีฟู้ด จำกัด (มหาชน)
JKN,บริษัท เจเคเอ็น โกลบอล กรุ๊ป จำกัด (มหาชน)
JMART,บริษัท เจ มาร์ท จำกัด (มหาชน)
JMT,บริษัท เจ เอ็ม ที เน็ทเวอร์ค เซอร์วิสเซ็ส จำกัด (มหาชน)
JR,บริษัท เจ.อาร์.ดับเบิ้ลยู. ยูทิลิตี้ จำกัด (มหาชน)
JTS,บริษัท จัสมิน เทคโนโลยี โซลูชั่น จำกัด (มหาชน)
JWD,บริษัท เจดับเบิ้ลยูดี อินโฟโลจิสติกส์ จำกัด (มหาชน)
KAMART,บริษัท คาร์มาร์ท จำกัด (มหาชน)
KBANK,ธนาคารกสิกรไทย จำกัด (มหาชน)
KBS,บริษัท น้ำตาลครบุรี จำกัด (มหาชน)
KBSPIF,กองทุนรวมโครงสร้างพื้นฐานโรงไฟฟ้า กลุ่มน้ำตาลครบุรี
KC,บริษัท เค.ซี. พร็อพเพอร์ตี้ จำกัด (มหาชน)
KCAR,บริษัท กรุงไทยคาร์เร้นท์ แอนด์ ลีส จำกัด (มหาชน)
KCE,บริษัท เคซีอี อีเลคโทรนิคส์ จำกัด (มหาชน)
KDH,บริษัท ธนบุรี เมดิเคิล เซ็นเตอร์ จำกัด (มหาชน)
KEX,บริษัท เคอรี่ เอ็กซ์เพรส (ประเทศไทย) จำกัด (มหาชน)
KGI,บริษัทหลักทรัพย์ เคจีไอ (ประเทศไทย) จำกัด (มหาชน)
KIAT,บริษัท เกียรติธนา ขนส่ง จำกัด (มหาชน)
KISS,บริษัท โรจูคิส อินเตอร์เนชั่นแนล จำกัด (มหาชน)
KKC,บริษัท กุลธรเคอร์บี้ จำกัด (มหาชน)
KKP,ธนาคารเกียรตินาคินภัทร จำกัด (มหาชน)
KPNPF,กองทุนรวมอสังหาริมทรัพย์เคพีเอ็น
KSL,บริษัท น้ำตาลขอนแก่น จำกัด (มหาชน)
KTB,ธนาคารกรุงไทย จำกัด (มหาชน)
KTBSTMR,ทรัสต์เพื่อการลงทุนในอสังหาริมทรัพย์และสิทธิการเช่าอสังหาริมทรัพย์ เคทีบีเอสที มิกซ์
KTC,บริษัท บัตรกรุงไทย จำกัด (มหาชน)
KTIS,บริษัท เกษตรไทย อินเตอร์เนชั่นแนล ชูการ์ คอร์ปอเรชั่น จำกัด (มหาชน)
KWC,บริษัท กรุงเทพโสภณ จำกัด (มหาชน)
KWI,บริษัท เคดับบลิวไอ จำกัด (มหาชน)
KYE,บริษัท กันยงอีเลคทริก จำกัด (มหาชน)
L&E,บริษัท ไลท์ติ้ง แอนด์ อีควิปเมนท์ จำกัด (มหาชน)
LALIN,บริษัท ลลิล พร็อพเพอร์ตี้ จำกัด (มหาชน)
LANNA,บริษัท ลานนารีซอร์สเซส จำกัด (มหาชน)
LEE,บริษัท ลีพัฒนาผลิตภัณฑ์ จำกัด (มหาชน)
LH,บริษัทแลนด์แอนด์เฮ้าส์ จำกัด (มหาชน)
LHFG,บริษัท แอล เอช ไฟแนนซ์เชียล กรุ๊ป จำกัด (มหาชน)
LHHOTEL,ทรัสต์เพื่อการลงทุนในสิทธิการเช่าอสังหาริมทรัพย์ แอล เอช โฮเทล
LHK,บริษัท โลหะกิจ เม็ททอล จำกัด (มหาชน)
LHPF,กองทุนรวมอสังหาริมทรัพย์และสิทธิการเช่า แลนด์ แอนด์ เฮ้าส์
LHSC,ทรัสต์เพื่อการลงทุนในสิทธิการเช่าอสังหาริมทรัพย์ แอล เอช ช้อปปิ้ง เซ็นเตอร์
LOXLEY,บริษัท ล็อกซเล่ย์ จำกัด (มหาชน)
LPF,กองทุนรวมอสังหาริมทรัพย์และสิทธิการเช่าโลตัสส์ รีเทล โกรท
LPH,บริษัท โรงพยาบาล ลาดพร้าว จำกัด (มหาชน)
LPN,บริษัท แอล.พี.เอ็น.ดีเวลลอปเมนท์ จำกัด (มหาชน)
LRH,บริษัท ลากูน่า รีสอร์ท แอนด์ โฮเท็ล จำกัด (มหาชน)
LST,บริษัท ล่ำสูง (ประเทศไทย) จำกัด (มหาชน)
LUXF,กองทุนรวมอสังหาริมทรัพย์ลักซ์ชัวรี่
M,บริษัท เอ็มเค เรสโตรองต์ กรุ๊ป จำกัด (มหาชน)
MACO,บริษัท มาสเตอร์ แอด จำกัด (มหาชน)
MAJOR,บริษัท เมเจอร์ ซีนีเพล็กซ์ กรุ้ป จำกัด (มหาชน)
MAKRO,บริษัท สยามแม็คโคร จำกัด (มหาชน)
MALEE,บริษัท มาลีกรุ๊ป จำกัด (มหาชน)
MANRIN,บริษัท แมนดารินโฮเต็ล จำกัด (มหาชน)
MATCH,บริษัท แม็ทชิ่ง แม็กซิไมซ์ โซลูชั่น จำกัด (มหาชน)
MATI,บริษัท มติชน จำกัด (มหาชน)
MAX,บริษัท แมกซ์ เมทัล คอร์ปอเรชั่น จำกัด (มหาชน)
MBK,บริษัท เอ็ม บี เค จำกัด (มหาชน)
MC,บริษัท แม็คกรุ๊ป จำกัด (มหาชน)
M-CHAI,บริษัท โรงพยาบาลมหาชัย จำกัด (มหาชน)
MCOT,บริษัท อสมท จำกัด (มหาชน)
MCS,บริษัท เอ็ม.ซี.เอส.สตีล จำกัด (มหาชน)
MDX,บริษัท เอ็ม ดี เอ็กซ์ จำกัด (มหาชน)
MEGA,บริษัท เมก้า ไลฟ์ไซแอ็นซ์ จำกัด (มหาชน)
MENA,บริษัท มีนาทรานสปอร์ต จำกัด (มหาชน)
METCO,บริษัทมูราโมโต้ อีเล็คตรอน (ประเทศไทย) จำกัด (มหาชน)
MFC,บริษัทหลักทรัพย์จัดการกองทุน เอ็มเอฟซี จำกัด(มหาชน)
MFEC,บริษัท เอ็ม เอฟ อี ซี จำกัด (มหาชน)
MICRO,บริษัท ไมโครลิสซิ่ง จำกัด (มหาชน)
MIDA,บริษัท ไมด้า แอสเซ็ท จำกัด (มหาชน)
M-II,กองทุนรวมอสังหาริมทรัพย์ และสิทธิการเช่า เอ็มเอฟซี อินดัสเตรียล อินเวสเมนท์
MILL,บริษัท มิลล์คอน สตีล จำกัด (มหาชน)
MINT,บริษัท ไมเนอร์ อินเตอร์เนชั่นแนล จำกัด (มหาชน)
MIPF,กองทุนรวมอสังหาริมทรัพย์มิลเลียนแนร์
MIT,ทรัสต์เพื่อการลงทุนในอสังหาริมทรัพย์เอ็มเอฟซีอินดัสเตรียล
MJD,บริษัท เมเจอร์ ดีเวลลอปเม้นท์ จำกัด (มหาชน)
MJLF,กองทุนรวมสิทธิการเช่าอสังหาฯ เมเจอร์ ซีนีเพล็กซ์ ไลฟ์สไตส์
MK,บริษัท มั่นคงเคหะการ จำกัด (มหาชน)
ML,บริษัท ไมด้า ลิสซิ่ง จำกัด (มหาชน)
MNIT,กองทุนรวมอสังหาริมทรัพย์เอ็มเอฟซี-นิชดาธานี
MNIT2,กองทุนรวมอสังหาริมทรัพย์นิชดาธานี 2
MNRF,กองทุนรวมอสังหาริมทรัพย์มัลติเนชั่นแนลเรสซิเดนซ์ฟันด์
MODERN,บริษัท โมเดอร์นฟอร์มกรุ๊ป จำกัด (มหาชน)
MONO,บริษัท โมโน เน็กซ์ จำกัด (มหาชน)
MOSHI,บริษัท โมชิ โมชิ รีเทล คอร์ปอเรชั่น จำกัด (มหาชน)
M-PAT,กองทุนรวมอสังหาริมทรัพย์เอ็มเอฟซี ป่าตอง เฮอริเทจ
MPIC,บริษัท เอ็ม พิคเจอร์ส เอ็นเตอร์เทนเม้นท์ จำกัด (มหาชน)
MSC,บริษัท เมโทรซิสเต็มส์คอร์ปอเรชั่น จำกัด (มหาชน)
MST,บริษัทหลักทรัพย์ เมย์แบงก์ (ประเทศไทย) จำกัด (มหาชน)
M-STOR,กองทุนรวมอสังหาริมทรัพย์เอ็มเอฟซี-สแตรทิจิกสโตเรจฟันด์
MTC,บริษัท เมืองไทย แคปปิตอล จำกัด (มหาชน)
MTI,บริษัท เมืองไทยประกันภัย จำกัด (มหาชน)
NATION,บริษัท เนชั่น กรุ๊ป (ไทยแลนด์) จำกัด (มหาชน)
NC,บริษัท นิวซิตี้ (กรุงเทพฯ) จำกัด (มหาชน)
NCAP,บริษัท เน็คซ์ แคปปิตอล จำกัด (มหาชน)
NCH,บริษัท เอ็น. ซี. เฮ้าส์ซิ่ง จำกัด (มหาชน)
NEP,บริษัท เอ็นอีพี อสังหาริมทรัพย์ และอุตสาหกรรม จำกัด (มหาชน)
NER,บริษัท นอร์ทอีส รับเบอร์ จำกัด (มหาชน)
NEW,บริษัท วัฒนาการแพทย์ จำกัด (มหาชน)
NEX,บริษัท เน็กซ์ พอยท์ จำกัด (มหาชน)
NFC,บริษัท เอ็นเอฟซี จำกัด (มหาชน)
NKI,บริษัท นวกิจประกันภัย จำกัด (มหาชน)
NNCL,บริษัท นวนคร จำกัด (มหาชน)
NOBLE,บริษัท โนเบิล ดีเวลลอปเมนท์ จำกัด (มหาชน)
NOK,บริษัท สายการบินนกแอร์ จำกัด (มหาชน)
NOVA,บริษัท โนวา เอมไพร์ จำกัด (มหาชน)
NRF,บริษัท เอ็นอาร์ อินสแตนท์ โปรดิวซ์ จำกัด (มหาชน)
NSI,บริษัทนำสินประกันภัย จำกัด (มหาชน)
NSL,บริษัท เอ็นเอสแอล ฟู้ดส์ จำกัด (มหาชน)
NTV,บริษัท โรงพยาบาลนนทเวช จำกัด (มหาชน)
NUSA,บริษัท ณุศาศิริ จำกัด (มหาชน)
NV,บริษัท โนวา ออร์แกนิค จำกัด (มหาชน)
NVD,บริษัท เนอวานา ไดอิ จำกัด (มหาชน)
NWR,บริษัทเนาวรัตน์พัฒนาการ จำกัด (มหาชน)
NYT,บริษัท นามยง เทอร์มินัล จำกัด (มหาชน)
OCC,บริษัท โอ ซี ซี จำกัด (มหาชน)
OGC,บริษัท โอเชียนกลาส จำกัด (มหาชน)
OHTL,บริษัท โอเอชทีแอล จำกัด (มหาชน)
OISHI,บริษัท โออิชิ กรุ๊ป จำกัด (มหาชน)
ONEE,บริษัท เดอะ วัน เอ็นเตอร์ไพรส์ จำกัด (มหาชน)
OR,บริษัท ปตท. น้ำมันและการค้าปลีก จำกัด (มหาชน)
ORI,บริษัท ออริจิ้น พร็อพเพอร์ตี้ จำกัด (มหาชน)
OSP,บริษัท โอสถสภา จำกัด (มหาชน)
PACE,บริษัท เพซ ดีเวลลอปเมนท์ คอร์ปอเรชั่น จำกัด (มหาชน)
PAF,บริษัท แพนเอเซียฟุตแวร์ จำกัด (มหาชน)
PAP,บริษัท แปซิฟิกไพพ์ จำกัด (มหาชน)
PATO,บริษัท พาโตเคมีอุตสาหกรรม จำกัด (มหาชน)
PB,บริษัท เพรซิเดนท์ เบเกอรี่ จำกัด (มหาชน)
PCC,บริษัท พรีไซซ คอร์ปอเรชั่น จำกัด (มหาชน)
PCSGH,บริษัท พี.ซี.เอส.แมชีน กรุ๊ปโฮลดิ้ง จำกัด (มหาชน)
PDJ,บริษัท แพรนด้า จิวเวลรี่ จำกัด (มหาชน)
PEACE,บริษัท พีซแอนด์ลีฟวิ่ง จำกัด (มหาชน)
PERM,บริษัท เพิ่มสินสตีลเวิคส์ จำกัด (มหาชน)
PF,บริษัท พร็อพเพอร์ตี้ เพอร์เฟค จำกัด (มหาชน)
PG,บริษัท ประชาอาภรณ์ จำกัด (มหาชน)
PIN,บริษัท ปิ่นทอง อินดัสเตรียล ปาร์ค จำกัด (มหาชน)
PK,บริษัท พัฒน์กล จำกัด (มหาชน)
PL,บริษัท ภัทรลิสซิ่ง จำกัด (มหาชน)
PLANB,บริษัท แพลน บี มีเดีย จำกัด (มหาชน)
PLAT,บริษัท เดอะ แพลทินัม กรุ๊ป จำกัด (มหาชน)
PLE,บริษัท เพาเวอร์ไลน์ เอ็นจิเนียริ่ง จำกัด (มหาชน)
PLUS,บริษัท โรแยล พลัส จำกัด (มหาชน)
PM,บริษัท พรีเมียร์ มาร์เก็ตติ้ง จำกัด (มหาชน)
PMTA,บริษัท พีเอ็ม โทรีเซน เอเชีย โฮลดิ้งส์ จำกัด (มหาชน)
POLAR,บริษัท โพลาริส แคปปิตัล จำกัด (มหาชน)
POLY,บริษัท โพลีเน็ต จำกัด (มหาชน)
POMPUI,บริษัท ผลิตภัณฑ์อาหารกว้างไพศาล จำกัด (มหาชน)
POPF,กองทุนรวมสิทธิการเช่าอสังหาริมทรัพย์ไพร์มออฟฟิศ
PORT,บริษัท สหไทย เทอร์มินอล จำกัด (มหาชน)
POST,บริษัท บางกอก โพสต์ จำกัด (มหาชน)
PPF,กองทุนรวมอสังหาริมทรัพย์ปิ่นทอง อินดัสเตรียล ปาร์ค
PPP,บริษัท พรีเมียร์ โพรดักส์ จำกัด (มหาชน)
PPPM,บริษัท พีพี ไพร์ม จำกัด (มหาชน)
PR9,บริษัท โรงพยาบาลพระรามเก้า จำกัด (มหาชน)
PRAKIT,บริษัท ประกิต โฮลดิ้งส์ จำกัด (มหาชน)
PREB,บริษัท พรีบิลท์ จำกัด (มหาชน)
PRECHA,บริษัท ปรีชากรุ๊ป จำกัด (มหาชน)
PRG,บริษัท พี อาร์ จี คอร์ปอเรชั่น จำกัด (มหาชน)
PRIME,บริษัท ไพร์ม โรด เพาเวอร์ จำกัด (มหาชน)
PRIN,บริษัท ปริญสิริ จำกัด (มหาชน)
PRINC,บริษัท พริ้นซิเพิล แคปิตอล จำกัด (มหาชน)
PRM,บริษัท พริมา มารีน จำกัด (มหาชน)
PRO,บริษัท โปรเฟสชั่นแนล เวสต์ เทคโนโลยี (1999) จำกัด (มหาชน)
PROSPECT,ทรัสต์เพื่อการลงทุนในอสังหาริมทรัพย์และสิทธิการเช่าอสังหาริมทรัพย์ พรอสเพค โลจิสติกส์และอินดัสเทรียล
PSH,บริษัท พฤกษา โฮลดิ้ง จำกัด (มหาชน)
PSL,บริษัท พรีเชียส ชิพปิ้ง จำกัด (มหาชน)
PT,บริษัท พรีเมียร์ เทคโนโลยี จำกัด (มหาชน)
PTECH,บริษัท พลัส เทค อินโนเวชั่น จำกัด (มหาชน)
PTG,บริษัท พีทีจี เอ็นเนอยี จำกัด (มหาชน)
PTL,บริษัท โพลีเพล็กซ์ (ประเทศไทย) จำกัด (มหาชน)
PTT,บริษัท ปตท. จำกัด (มหาชน)
PTTEP,บริษัท ปตท. สำรวจและผลิตปิโตรเลียม จำกัด (มหาชน)
PTTGC,บริษัท พีทีที โกลบอล เคมิคอล จำกัด (มหาชน)
PYLON,บริษัท ไพลอน จำกัด (มหาชน)
Q-CON,บริษัท ควอลิตี้คอนสตรัคชั่นโปรดัคส์ จำกัด (มหาชน)
QH,บริษัท ควอลิตี้เฮ้าส์ จำกัด (มหาชน)
QHHR,กองทุนรวมอสังหาริมทรัพย์และสิทธิการเช่า ควอลิตี้ เฮ้าส์ โฮเทล แอนด์ เรซิเดนซ์
QHOP,กองทุนรวมสิทธิการเช่าอสังหาริมทรัพย์ควอลิตี้ ฮอสพิทอลลิตี้
QHPF,กองทุนรวมสิทธิการเช่าอสังหาริมทรัพย์ควอลิตี้ เฮ้าส์
QTC,บริษัท คิวทีซี เอนเนอร์ยี่ จำกัด (มหาชน)
RABBIT,บริษัท แรบบิท โฮลดิ้งส์ จำกัด (มหาชน)
RAM,บริษัท โรงพยาบาลรามคำแหง จำกัด (มหาชน)
RATCH,บริษัท ราช กรุ๊ป จำกัด (มหาชน)
RBF,บริษัท อาร์ แอนด์ บี ฟู้ด ซัพพลาย จำกัด (มหาชน)
RCL,บริษัท อาร์ ซี แอล จำกัด (มหาชน)
RICHY,บริษัท ริชี่ เพลซ 2002 จำกัด (มหาชน)
RJH,บริษัท โรงพยาบาลราชธานี จำกัด (มหาชน)
RML,บริษัท ไรมอน แลนด์ จำกัด (มหาชน)
ROCK,บริษัท ร้อกเวิธ จำกัด (มหาชน)
ROH,บริษัท โรงแรมรอยัล ออคิด (ประเทศไทย) จำกัด (มหาชน)
ROJNA,บริษัท สวนอุตสาหกรรมโรจนะ จำกัด (มหาชน)
RPC,บริษัท อาร์พีซีจี จำกัด (มหาชน)
RPH,บริษัท โรงพยาบาลราชพฤกษ์ จำกัด (มหาชน)
RS,บริษัท อาร์เอส จำกัด (มหาชน)
RSP,บริษัท ริช สปอร์ต จำกัด (มหาชน)
RT,บริษัท ไร้ท์ทันเน็ลลิ่ง จำกัด (มหาชน)
S,บริษัท สิงห์ เอสเตท จำกัด (มหาชน)
S&J,บ.เอส แอนด์ เจ อินเตอร์เนชั่นแนล เอนเตอร์ไพรส์ จำกัด (มหาชน)
S11,บริษัท เอส 11 กรุ๊ป จำกัด (มหาชน)
SA,บริษัท ไซมิส แอสเสท จำกัด (มหาชน)
SABINA,บริษัท ซาบีน่า จำกัด (มหาชน)
SABUY,บริษัท สบาย เทคโนโลยี จำกัด (มหาชน)
SAFARI,บริษัท ซาฟารีเวิลด์ จำกัด (มหาชน)
SAK,บริษัท ศักดิ์สยามลิสซิ่ง จำกัด (มหาชน)
SAM,บริษัท สามชัย สตีล อินดัสทรี จำกัด (มหาชน)
SAMART,บริษัท สามารถคอร์ปอเรชั่น จำกัด (มหาชน)
SAMCO,บริษัท สัมมากร จำกัด (มหาชน)
SAMTEL,บริษัท สามารถเทลคอม จำกัด (มหาชน)
SAPPE,บริษัท เซ็ปเป้ จำกัด (มหาชน)
SAT,บริษัท สมบูรณ์ แอ๊ดวานซ์ เทคโนโลยี จำกัด (มหาชน)
SAUCE,บริษัท ไทยเทพรส จำกัด (มหาชน)
SAWAD,บริษัท ศรีสวัสดิ์ คอร์ปอเรชั่น จำกัด (มหาชน)
SAWANG,บริษัท สว่างเอ็กซ์ปอร์ต จำกัด (มหาชน)
SC,บริษัท เอสซี แอสเสท คอร์ปอเรชั่น จำกัด (มหาชน)
SCAP,บริษัท ศรีสวัสดิ์ แคปปิตอล 1969 จำกัด (มหาชน)
SCB,บริษัท เอสซีบี เอกซ์ จำกัด (มหาชน)
SCC,บริษัท ปูนซิเมนต์ไทย จำกัด(มหาชน)
SCCC,บริษัท ปูนซีเมนต์นครหลวง จำกัด (มหาชน)
SCG,บริษัท สหโคเจน (ชลบุรี) จำกัด (มหาชน)
SCGP,บริษัท เอสซีจี แพคเกจจิ้ง จำกัด (มหาชน)
SCI,บริษัท เอสซีไอ อีเลคตริค จำกัด (มหาชน)
SCM,บริษัท ซัคเซสมอร์ บีอิ้งค์ จำกัด (มหาชน)
SCN,บริษัท สแกน อินเตอร์ จำกัด (มหาชน)
SCP,บริษัท ทักษิณคอนกรีต จำกัด (มหาชน)
SDC,บริษัท สามารถ ดิจิตอล จำกัด (มหาชน)
SEAFCO,บริษัท ซีฟโก้ จำกัด (มหาชน)
SE-ED,บริษัท ซีเอ็ดยูเคชั่น จำกัด (มหาชน)
SENA,บริษัท เสนาดีเวลลอปเม้นท์ จำกัด (มหาชน)
SFLEX,บริษัท สตาร์เฟล็กซ์ จำกัด (มหาชน)
SFP,บริษัท อาหารสยาม จำกัด(มหาชน)
SGC,บริษัท เอสจี แคปปิตอล จำกัด (มหาชน)
SGP,บริษัท สยามแก๊ส แอนด์ ปิโตรเคมีคัลส์ จำกัด (มหาชน)
SHANG,บริษัท แชงกรี-ลา โฮเต็ล จำกัด (มหาชน)
SHR,บริษัท เอส โฮเทล แอนด์ รีสอร์ท จำกัด (มหาชน)
SHREIT,ทรัสต์เพื่อการลงทุนในอสังหาริมทรัพย์แบบต่ออายุได้เพื่อธุรกิจโรงแรมและสิทธิการเช่าสตราทีจิก ฮอสพิทอลลิตี้
SIAM,บริษัท สยามสตีลอินเตอร์เนชั่นแนล จำกัด (มหาชน)
SINGER,บริษัท ซิงเกอร์ประเทศไทย จำกัด (มหาชน)
SIRI,บริษัท แสนสิริ จำกัด (มหาชน)
SIRIP,กองทุนรวมอสังหาริมทรัพย์แสนสิริ ไพร์มออฟฟิศ
SIS,บริษัท เอสไอเอส ดิสทริบิวชั่น (ประเทศไทย) จำกัด (มหาชน)
SISB,บริษัท เอสไอเอสบี จำกัด (มหาชน)
SITHAI,บริษัท ศรีไทยซุปเปอร์แวร์ จำกัด (มหาชน)
SKE,บริษัท สากล เอนเนอยี จำกัด (มหาชน)
SKN,บริษัท ส.กิจชัย เอ็นเตอร์ไพรส์ จำกัด (มหาชน)
SKR,บริษัท ศิครินทร์ จำกัด (มหาชน)
SKY,บริษัท สกาย ไอซีที จำกัด (มหาชน)
SLP,บริษัท สาลี่ พริ้นท์ติ้ง จำกัด (มหาชน)
SM,บริษัท สตาร์ มันนี่ จำกัด (มหาชน)
SMIT,บริษัท สหมิตรเครื่องกล จำกัด (มหาชน)
SMK,บริษัท สินมั่นคงประกันภัย จำกัด (มหาชน)
SMPC,บริษัท สหมิตรถังแก๊ส จำกัด (มหาชน)
SMT,บริษัท สตาร์ส ไมโครอิเล็กทรอนิกส์ (ประเทศไทย) จำกัด (มหาชน)
SNC,บริษัท เอส เอ็น ซี ฟอร์เมอร์ จำกัด (มหาชน)
SNNP,บริษัท ศรีนานาพร มาร์เก็ตติ้ง จำกัด (มหาชน)
SNP,บริษัท เอส แอนด์ พี ซินดิเคท จำกัด (มหาชน)
SO,บริษัท สยามราชธานี จำกัด (มหาชน)
SOLAR,บริษัท โซลาร์ตรอน จำกัด (มหาชน)
SORKON,บริษัท ส. ขอนแก่นฟู้ดส์ จำกัด (มหาชน)
SPACK,บริษัท เอส. แพ็ค แอนด์ พริ้นท์ จำกัด (มหาชน)
SPALI,บริษัท ศุภาลัย จำกัด (มหาชน)
SPC,บริษัท สหพัฒนพิบูล จำกัด (มหาชน)
SPCG,บริษัท เอสพีซีจี จำกัด (มหาชน)
SPG,บริษัท สยามภัณฑ์กรุ๊ป จำกัด (มหาชน)
SPI,บริษัท สหพัฒนาอินเตอร์โฮลดิ้ง จำกัด (มหาชน)
SPRC,บริษัท สตาร์ ปิโตรเลียม รีไฟน์นิ่ง จำกัด (มหาชน)
SPRIME,ทรัสต์เพื่อการลงทุนในสิทธิการเช่าอสังหาริมทรัพย์ เอส ไพรม์ โกรท
SQ,บริษัท สหกลอิควิปเมนท์ จำกัด (มหาชน)
SRICHA,บริษัท ศรีราชาคอนสตรัคชั่น จำกัด (มหาชน)
SRIPANWA,ทรัสต์เพื่อการลงทุนในอสังหาริมทรัพย์โรงแรมศรีพันวา
SSC,บริษัท เสริมสุข จำกัด (มหาชน)
SSF,บริษัท สุรพลฟู้ดส์ จำกัด (มหาชน)
SSP,บริษัท เสริมสร้าง พาวเวอร์ คอร์ปอเรชั่น จำกัด (มหาชน)
SSPF,กองทุนรวมอสังหาริมทรัพย์ศาลาแอทสาทร
SSSC,บริษัท ศูนย์บริการเหล็กสยาม จำกัด (มหาชน)
SST,บริษัท ทรัพย์ศรีไทย จำกัด (มหาชน)
SSTRT,ทรัสต์เพื่อการลงทุนในอสังหาริมทรัพย์ทรัพย์ศรีไทย
STA,บริษัท ศรีตรังแอโกรอินดัสทรี จำกัด (มหาชน)
STANLY,บริษัท ไทยสแตนเลย์การไฟฟ้า จำกัด (มหาชน)
STARK,บริษัท สตาร์ค คอร์เปอเรชั่น จำกัด (มหาชน)
STEC,บริษัท ซิโน-ไทย เอ็นจีเนียริ่งแอนด์คอนสตรัคชั่น จำกัด(มหาชน)
STECH,บริษัท สยามเทคนิคคอนกรีต จำกัด (มหาชน)
STGT,บริษัท ศรีตรังโกลฟส์ (ประเทศไทย) จำกัด (มหาชน)
STHAI,บริษัท ซันไทยอุตสาหกรรมถุงมือยาง จำกัด (มหาชน)
STI,บริษัท สโตนเฮ้นจ์ อินเตอร์ จำกัด (มหาชน)
STPI,บริษัท เอสทีพี แอนด์ ไอ จำกัด (มหาชน)
SUC,บริษัท สหยูเนี่ยน จำกัด (มหาชน)
SUN,บริษัท ซันสวีท จำกัด (มหาชน)
SUPER,บริษัท ซุปเปอร์ เอนเนอร์ยี คอร์เปอเรชั่น จำกัด (มหาชน)
SUPEREIF,กองทุนรวมโครงสร้างพื้นฐานโรงไฟฟ้า ซุปเปอร์ เอนเนอร์ยี
SUSCO,บริษัท ซัสโก้ จำกัด (มหาชน)
SUTHA,บริษัท สุธากัญจน์ จำกัด (มหาชน)
SVI,บริษัท เอสวีไอ จำกัด (มหาชน)
SVOA,บริษัท เอสวีโอเอ จำกัด (มหาชน)
SVT,บริษัท ซันเวนดิ้ง เทคโนโลยี จำกัด (มหาชน)
SYMC,บริษัท ซิมโฟนี่ คอมมูนิเคชั่น จำกัด (มหาชน)
SYNEX,บริษัท ซินเน็ค (ประเทศไทย) จำกัด (มหาชน)
SYNTEC,บริษัท ซินเท็ค คอนสตรัคชั่น จำกัด (มหาชน)
TAE,บริษัท ไทย อะโกร เอ็นเนอร์ยี่ จำกัด (มหาชน)
TASCO,บริษัท ทิปโก้แอสฟัลท์ จำกัด (มหาชน)
TC,บริษัท ทรอปิคอลแคนนิ่ง (ประเทศไทย) จำกัด (มหาชน)
TCAP,บริษัท ทุนธนชาต จำกัด (มหาชน)
TCC,บริษัท ไทย แคปปิตอล คอร์ปอเรชั่น จำกัด (มหาชน)
TCCC,บริษัท ไทยเซ็นทรัลเคมี จำกัด (มหาชน)
TCJ,บริษัท ที.ซี.เจ.เอเซีย จำกัด (มหาชน)
TCMC,บริษัท ทีซีเอ็ม คอร์ปอเรชั่น จำกัด (มหาชน)
TCOAT,บริษัท อุตสาหกรรมผ้าเคลือบพลาสติกไทย จำกัด (มหาชน)
TEAM,บริษัท ทีมพรีซิชั่น จำกัด (มหาชน)
TEAMG,บริษัท ทีม คอนซัลติ้ง เอนจิเนียริ่ง แอนด์ แมเนจเมนท์ จำกัด (มหาชน)
TEGH,บริษัท ไทยอีสเทิร์น กรุ๊ป โฮลดิ้งส์ จำกัด (มหาชน)
TEKA,บริษัท ฑีฆาก่อสร้าง จำกัด (มหาชน)
TFFIF,กองทุนรวมโครงสร้างพื้นฐานเพื่ออนาคตประเทศไทย
TFG,บริษัท ไทยฟู้ดส์ กรุ๊ป จำกัด (มหาชน)
TFI,บริษัท ไทยฟิล์มอินดัสตรี่ จำกัด (มหาชน)
TFM,บริษัท ไทยยูเนี่ยน ฟีดมิลล์ จำกัด (มหาชน)
TFMAMA,บริษัท ไทยเพรซิเดนท์ฟูดส์ จำกัด (มหาชน)
TGE,บริษัท ท่าฉาง กรีน เอ็นเนอร์ยี่ จำกัด (มหาชน)
TGH,บริษัท ไทยกรุ๊ป โฮลดิ้งส์ จำกัด (มหาชน)
TGPRO,บริษัท ไทย-เยอรมัน โปรดักส์ จำกัด (มหาชน)
TH,บริษัท ตงฮั้ว โฮลดิ้ง จำกัด (มหาชน)
THAI,บริษัท การบินไทย จำกัด (มหาชน)
THANI,บริษัท ราชธานีลิสซิ่ง จำกัด (มหาชน)
THCOM,บริษัท ไทยคม จำกัด (มหาชน)
THE,บริษัท เดอะ สตีล จำกัด (มหาชน)
THG,บริษัท ธนบุรี เฮลท์แคร์ กรุ๊ป จำกัด (มหาชน)
THIP,บริษัท ทานตะวันอุตสาหกรรม จำกัด (มหาชน)
THL,บริษัท ทุ่งคาฮาเบอร์ จำกัด (มหาชน)
THRE,บริษัท ไทยรับประกันภัยต่อ จำกัด (มหาชน)
THREL,บริษัท ไทยรีประกันชีวิต จำกัด (มหาชน)
TIDLOR,บริษัท เงินติดล้อ จำกัด (มหาชน)
TIF1,กองทุนรวมอสังหาริมทรัพย์ไทยอินดัสเตรียล 1
TIPCO,บริษัท ทิปโก้ฟูดส์ จำกัด (มหาชน)
TIPH,บริษัท ทิพย กรุ๊ป โฮลดิ้งส์ จำกัด (มหาชน)
TISCO,บริษัท ทิสโก้ไฟแนนเชียลกรุ๊ป จำกัด (มหาชน)
TK,บริษัท ฐิติกร จำกัด (มหาชน)
TKC,บริษัท เทิร์นคีย์ คอมมูนิเคชั่น เซอร์วิส จำกัด (มหาชน)
TKN,บริษัท เถ้าแก่น้อย ฟู๊ดแอนด์มาร์เก็ตติ้ง จำกัด (มหาชน)
TKS,บริษัท ที.เค.เอส. เทคโนโลยี จำกัด (มหาชน)
TKT,บริษัท ที.กรุงไทยอุตสาหกรรม จำกัด (มหาชน)
TLHPF,กองทุนรวมอสังหาริมทรัพย์ ไทยแลนด์ โฮสพีทาลิตี้
TLI,บริษัท ไทยประกันชีวิต จำกัด (มหาชน)
TMD,บริษัท อุตสาหกรรมถังโลหะไทย จำกัด (มหาชน)
TMT,บริษัท ทีเอ็มที สตีล จำกัด (มหาชน)
TNITY,บริษัท ทรีนีตี้ วัฒนา จำกัด (มหาชน)
TNL,บริษัท ธนูลักษณ์ จำกัด (มหาชน)
TNPC,บริษัท ไทยนามพลาสติกส์ จำกัด (มหาชน)
TNPF,กองทุนรวมอสังหาริมทรัพย์และสิทธิการเช่าตรีนิตี้
TNR,บริษัท ไทยนิปปอนรับเบอร์อินดัสตรี้ จำกัด (มหาชน)
TOA,บริษัท ทีโอเอ เพ้นท์ (ประเทศไทย) จำกัด (มหาชน)
TOG,บริษัท ไทยออพติคอล กรุ๊ป จำกัด (มหาชน)
TOP,บริษัท ไทยออยล์ จำกัด (มหาชน)
TOPP,บริษัท ไทย โอ.พี.พี. จำกัด (มหาชน)
TPA,บริษัท ไทยโพลีอะคริลิค จำกัด (มหาชน)
TPAC,บริษัท พลาสติค และหีบห่อไทย จำกัด (มหาชน)
TPBI,บริษัท ทีพีบีไอ จำกัด (มหาชน)
TPCS,บริษัท ทีพีซีเอส จำกัด (มหาชน)
TPIPL,บริษัท ทีพีไอ โพลีน จำกัด (มหาชน)
TPIPP,บริษัท ทีพีไอ โพลีน เพาเวอร์ จำกัด (มหาชน)
TPOLY,บริษัท ไทยโพลีคอนส์ จำกัด (มหาชน)
TPP,บริษัท ไทยบรรจุภัณฑ์และการพิมพ์ จำกัด (มหาชน)
TPRIME,ทรัสต์เพื่อการลงทุนในอสังหาริมทรัพย์และสิทธิการเช่าไทยแลนด์ ไพร์ม พร็อพเพอร์ตี้
TQM,บริษัท ทีคิวเอ็ม อัลฟา จำกัด (มหาชน)
TR,บริษัท ไทยเรยอน จำกัด (มหาชน)
TRC,บริษัท ทีอาร์ซี คอนสตรัคชั่น จำกัด (มหาชน)
TRITN,บริษัท ไทรทัน โฮลดิ้ง จำกัด (มหาชน)
TRU,บริษัท ไทยรุ่งยูเนียนคาร์ จำกัด (มหาชน)
TRUBB,บริษัท ไทยรับเบอร์ลาเท็คซ์กรุ๊ป จำกัด (มหาชน)
TRUE,บริษัท ทรู คอร์ปอเรชั่น จำกัด (มหาชน)
TSC,บริษัท ไทยสตีลเคเบิล จำกัด (มหาชน)
TSE,บริษัท ไทย โซล่าร์ เอ็นเนอร์ยี่ จำกัด (มหาชน)
TSI,บริษัท ไทยเศรษฐกิจประกันภัย จำกัด (มหาชน)
TSR,บริษัท เธียรสุรัตน์ จำกัด (มหาชน)
TSTE,บริษัท ไทยชูการ์ เทอร์มิเนิ้ล จำกัด (มหาชน)
TSTH,บริษัท ทาทา สตีล (ประเทศไทย) จำกัด (มหาชน)
TTA,บริษัท โทรีเซนไทย เอเยนต์ซีส์ จำกัด (มหาชน)
TTB,ธนาคารทหารไทยธนชาต จำกัด (มหาชน)
TTCL,บริษัท ทีทีซีแอล จำกัด (มหาชน)
TTI,บริษัท โรงงานผ้าไทย จำกัด (มหาชน)
TTLPF,กองทุนรวมสิทธิการเช่าอสังหาริมทรัพย์ตลาดไท
TTT,บริษัท โทเร เท็กซ์ไทล์ (ประเทศไทย) จำกัด (มหาชน)
TTW,บริษัท ทีทีดับบลิว จำกัด (มหาชน)
TU,บริษัท ไทยยูเนี่ยน กรุ๊ป จำกัด (มหาชน)
TU-PF,กองทุนรวมสิทธิการเช่าอสังหาริมทรัพย์ ที ยู โดม เรสซิเดนท์เชียล คอมเพล็กซ์
TVI,บริษัท ประกันภัยไทยวิวัฒน์ จำกัด (มหาชน)
TVO,บริษัท น้ำมันพืชไทย จำกัด (มหาชน)
TWP,บริษัท ไทยไวร์โพรดัคท์ จำกัด (มหาชน)
TWPC,บริษัท ไทยวา จำกัด (มหาชน)
TWZ,บริษัท ทีดับบลิวแซด คอร์ปอเรชั่น จำกัด (มหาชน)
TYCN,บริษัทไทยคูน เวิลด์ไวด์ กรุ๊ป (ประเทศไทย) จำกัด (มหาชน)
UAC,บริษัท ยูเอซี โกลบอล จำกัด (มหาชน)
UBE,บริษัท อุบล ไบโอ เอทานอล จำกัด (มหาชน)
UMI,บริษัท สหโมเสคอุตสาหกรรม จำกัด (มหาชน)
UNIQ,บริษัท ยูนิค เอ็นจิเนียริ่ง แอนด์ คอนสตรัคชั่น จำกัด (มหาชน)
UOBKH,บริษัทหลักทรัพย์ ยูโอบี เคย์เฮียน (ประเทศไทย) จำกัด (มหาชน)
UP,บริษัท ยูเนี่ยนพลาสติก จำกัด (มหาชน)
UPF,บริษัท ยูเนี่ยนไพโอเนียร์ จำกัด (มหาชน)
UPOIC,บริษัท สหอุตสาหกรรมน้ำมันปาล์ม จำกัด (มหาชน)
URBNPF,กองทุนรวมสิทธิการเช่าอสังหาริมทรัพย์เออร์บานา
UTP,บริษัท ยูไนเต็ด เปเปอร์ จำกัด (มหาชน)
UV,บริษัท ยูนิเวนเจอร์ จำกัด (มหาชน)
UVAN,บริษัท ยูนิวานิชน้ำมันปาล์ม จำกัด (มหาชน)
VARO,บริษัท วโรปกรณ์ จำกัด (มหาชน)
VGI,บริษัท วีจีไอ จำกัด (มหาชน)
VIBHA,บริษัท โรงพยาบาลวิภาวดี จำกัด (มหาชน)
VIH,บริษัท ศรีวิชัยเวชวิวัฒน์ จำกัด (มหาชน)
VNG,บริษัท วนชัย กรุ๊ป จำกัด (มหาชน)
VPO,บริษัท วิจิตรภัณฑ์ปาล์มออยล์ จำกัด (มหาชน)
VRANDA,บริษัท วีรันดา รีสอร์ท จำกัด (มหาชน)
W,บริษัท วาว แฟคเตอร์ จำกัด (มหาชน)
WACOAL,บริษัท ไทยวาโก้ จำกัด (มหาชน)
WAVE,บริษัท เวฟ เอ็นเตอร์เทนเมนท์ จำกัด (มหาชน)
WFX,บริษัท เวิลด์เฟล็กซ์ จำกัด (มหาชน)
WGE,บริษัท เวล เกรด เอ็นจิเนียริ่ง จำกัด (มหาชน)
WHA,บริษัท ดับบลิวเอชเอ คอร์ปอเรชั่น จำกัด (มหาชน)
WHABT,ทรัสต์เพื่อการลงทุนในอสังหาริมทรัพย์และสิทธิการเช่าดับบลิวเอชเอ บิสซิเนส คอมเพล็กซ์
WHAIR,ทรัสต์เพื่อการลงทุนในสิทธิการเช่าอสังหาริมทรัพย์ดับบลิวเอชเอ อินดัสเตรียล
WHART,ทรัสต์เพื่อการลงทุนในอสังหาริมทรัพย์และสิทธิการเช่าดับบลิวเอชเอ พรีเมี่ยม โกรท
WHAUP,บริษัท ดับบลิวเอชเอ ยูทิลิตี้ส์ แอนด์ พาวเวอร์ จำกัด (มหาชน)
WICE,บริษัท ไวส์ โลจิสติกส์ จำกัด (มหาชน)
WIIK,บริษัท วิค จำกัด (มหาชน)
WIN,บริษัท สวนอุตสาหกรรม วินโคสท์ จำกัด (มหาชน)
WORK,บริษัท เวิร์คพอยท์ เอ็นเทอร์เทนเมนท์ จำกัด (มหาชน)
WORLD,บริษัท เวิลด์ คอร์ปอเรชั่น จำกัด (มหาชน)
WP,บริษัท ดับบลิวพี เอ็นเนอร์ยี่ จำกัด (มหาชน)
WPH,บริษัท โรงพยาบาลวัฒนแพทย์ ตรัง จำกัด (มหาชน)
XPG,บริษัท เอ็กซ์สปริง แคปปิตอล จำกัด (มหาชน)
ZEN,บริษัท เซ็น คอร์ปอเรชั่น กรุ๊ป จำกัด (มหาชน)
